lat,lng,nome_ti,FASE,pop_idg_2022,pop_idg_2010,crescimento_2010_2022,var_pct
-23.710900412648247,-45.805988025904426,Ribeirão Silveira,Declarada,152.0,332.0,-180.0,-54.22
-23.35357853184511,-44.98199948951295,Boa Vista Sertão do Promirim,Regularizada,193.0,156.0,37.0,23.72
-23.99975842143209,-46.66359347187921,Rio Branco Itanhaém,Regularizada,30.0,80.0,-50.0,-62.5
-23.46425316455299,-46.754244672273174,Jaraguá,Regularizada,78.0,98.0,-20.0,-20.41
-23.86362536448995,-46.62103589214782,Krukutu,Regularizada,155.0,254.0,-99.0,-38.98
-21.565508467361475,-50.31308543795432,Icatu,Regularizada,142.0,138.0,4.0,2.9
-24.185013514632374,-46.985043374426716,Peruíbe,Regularizada,29.0,134.0,-105.0,-78.36
-21.802454427809934,-50.38305575773856,Vanuire,Regularizada,239.0,209.0,30.0,14.35
-14.258995824239715,-58.64709539224072,Paresi,Regularizada,1264.0,919.0,345.0,37.54
-14.16921968216543,-55.44723423455688,Santana,Regularizada,195.0,163.0,32.0,19.63
-14.297602578379664,-54.622398519722786,Bakairi,Regularizada,779.0,612.0,167.0,27.29
-16.530638564156394,-54.5125677093892,Tadarimana,Regularizada,561.0,390.0,171.0,43.85
-14.998700445530092,-57.0516758801265,Umutina,Regularizada,396.0,409.0,-13.0,-3.18
-12.938904175618362,-59.47210726504824,Nambikwara,Regularizada,614.0,476.0,138.0,28.99
-16.8647963723977,-56.19019062057414,Perigara,Regularizada,89.0,104.0,-15.0,-14.42
-14.809390466716835,-59.492989063986194,Sararé,Regularizada,200.0,188.0,12.0,6.38
1.583760461649575,-55.46476344717642,Parque do Tumucumaque,Regularizada,2250.0,1935.0,315.0,16.28
-11.567865758685008,-59.904566591836506,Parque do Aripuanã,Regularizada,494.0,394.0,100.0,25.38
-11.684572385855418,-50.37429113532224,Parque do Araguaia,Regularizada,4156.0,3279.0,877.0,26.75
-12.006286857522522,-53.4019146177786,Parque do Xingu,Regularizada,6167.0,4840.0,1327.0,27.42
-10.269645003464685,-65.08972750194602,Igarapé Ribeirão,Regularizada,392.0,210.0,182.0,86.67
-26.477876779448895,-50.983834694433725,Rio dos Pardos,Regularizada,,22.0,,
-4.282208485070938,-56.02764723827597,Praia do Índio,Encaminhada RI,158.0,99.0,59.0,59.6
-4.256321242732744,-55.973719914256144,Praia do Mangue,Encaminhada RI,180.0,0.0,180.0,
-5.431324793156989,-54.68490673299675,Xipaya,Regularizada,190.0,81.0,109.0,134.57
-2.294288681113897,-48.33826024610564,Turé/Mariquita,Regularizada,24.0,,,
-14.108536091033008,-59.54434712596167,Taihantesu,Regularizada,,218.0,,
-9.81378999601413,-37.38297855210428,Caiçara/Ilha de São Pedro,Regularizada,329.0,316.0,13.0,4.11
-5.375676148467898,-45.91703646808409,Urucu/Juruá,Regularizada,1037.0,835.0,202.0,24.19
-0.8397407692773851,-60.663614935648226,Waimiri-Atroari,Regularizada,2199.0,1381.0,818.0,59.23
-4.109502388577073,-52.941749391745084,Kararaô,Regularizada,87.0,59.0,28.0,47.46
-4.797636832883471,-50.13104968068643,Parakanã,Regularizada,1325.0,840.0,485.0,57.74
-9.533885692453827,-48.11534283213764,Xerente,Regularizada,3323.0,2357.0,966.0,40.98
-8.380613427586187,-47.41406416733904,Kraolandia,Regularizada,3672.0,2554.0,1118.0,43.77
-12.846380763163728,-57.9701480439133,Irantxe,Regularizada,355.0,389.0,-34.0,-8.74
-13.421852943463708,-51.63253884347835,Pimentel Barbosa,Regularizada,2369.0,1743.0,626.0,35.92
-15.215681173223473,-52.71501690180346,São Marcos - MT,Regularizada,3660.0,3138.0,522.0,16.63
-14.389223596507842,-51.96127915607671,Areões,Regularizada,1321.0,965.0,356.0,36.89
-15.557236384791185,-53.0572867376803,Merure,Regularizada,805.0,657.0,148.0,22.53
-11.26330386922963,-58.269050581249445,Erikpatsá,Regularizada,1094.0,908.0,186.0,20.48
-8.712102637587385,-57.29220460317719,Kayabi,Regularizada,1189.0,517.0,672.0,129.98
-20.660874064136504,-57.244112633225406,Kadiwéu,Regularizada,1231.0,1527.0,-296.0,-19.38
-14.382755078007085,-53.17459419400479,Parabubure,Regularizada,7608.0,8392.0,-784.0,-9.34
-10.657546901180137,-38.63227048097489,Kiriri,Regularizada,2539.0,2277.0,262.0,11.51
-5.61940153257524,-45.548638901391136,Cana Brava/Guajajara,Regularizada,10662.0,7133.0,3529.0,49.47
-5.324862978191122,-45.734928713869735,Lagoa Comprida,Regularizada,1298.0,808.0,490.0,60.64
-5.703405441327475,-45.228387661613276,Rodeador,Regularizada,574.0,632.0,-58.0,-9.18
-5.018428857551614,-45.698156461271026,Geralda Toco Preto,Regularizada,150.0,160.0,-10.0,-6.25
-24.084803031622418,-46.69837982408412,Itaóca,Declarada,138.0,89.0,49.0,55.06
-24.647609769226687,-51.276903844984986,Faxinal,Regularizada,622.0,605.0,17.0,2.81
-23.790884914061476,-50.92928613679491,Apucarana,Regularizada,1636.0,1415.0,221.0,15.62
-23.560344381986546,-50.07132167901807,Pinhalzinho,Regularizada,138.0,120.0,18.0,15.0
-25.01933180933145,-54.066957492280075,Tekohá Añetete,Regularizada,263.0,422.0,-159.0,-37.68
-25.291326186569425,-52.70190097185357,Rio das Cobras,Regularizada,3102.0,2246.0,856.0,38.11
-27.139673863735677,-52.464739401727044,Toldo Pinhal,Declarada,13.0,538.0,-525.0,-97.58
-23.055312563481763,-54.91896848383058,Jaguari,Regularizada,339.0,321.0,18.0,5.61
-23.722025761454006,-54.95345173048005,Jaguapiré,Regularizada,1835.0,931.0,904.0,97.1
-23.588711863704827,-54.28999651471119,Cerrito,Regularizada,291.0,544.0,-253.0,-46.51
-12.36917268540026,-61.40613168125732,Kwazá do Rio São Pedro,Regularizada,63.0,,,
-12.561670222069363,-62.57127026484321,Massaco,Regularizada,,0.0,,
-12.81297042015247,-61.105428167033914,Rio Omerê,Homologada,,,,
-8.834496569166854,-72.19333982974447,Jaminawa Arara do Rio Bagé,Regularizada,223.0,195.0,28.0,14.36
-9.52366551113683,-71.06813347247115,Jaminaua/Envira,Regularizada,213.0,77.0,136.0,176.62
-8.636957466459297,-71.73308765986758,Kampa do Igarapé Primavera,Regularizada,,26.0,,
-8.033042240762645,-72.90873927289417,Jaminawa do Igarapé Preto,Regularizada,189.0,171.0,18.0,10.53
-9.269378917446941,-72.01722295467617,Kaxinawá do Baixo Rio Jordão,Regularizada,554.0,172.0,382.0,222.09
-9.31448216156902,-71.91605746734511,Kaxinawá Seringal Independência,Encaminhada RI,390.0,209.0,181.0,86.6
-2.599059429201881,-66.82767828919265,Acapuri de Cima,Declarada,106.0,284.0,-178.0,-62.68
0.5715152906856322,-68.52262105805704,Alto Rio Negro,Regularizada,18042.0,15183.0,2859.0,18.83
-4.758346194756834,-60.026367996817925,Arary,Regularizada,161.0,261.0,-100.0,-38.31
-6.119961745211186,-62.276142297936936,Ariramba,Regularizada,,82.0,,
-2.7685469153285416,-67.68001955848752,Barro Alto,Regularizada,88.0,237.0,-149.0,-62.87
-3.9819171895941388,-63.374441377108134,Cajuhiri Atravessado,Regularizada,204.0,446.0,-242.0,-54.26
-2.3691092803124505,-65.02746334436587,Cuiu-Cuiu,Regularizada,787.0,789.0,-2.0,-0.25
-7.964027869890618,-62.23161458058309,Diahui,Regularizada,94.0,,,
-2.7444707259721564,-67.09504346999888,Espírito Santo,Regularizada,372.0,488.0,-116.0,-23.77
-3.7518997252959165,-60.525975006040305,Fortaleza do Castanho,Regularizada,47.0,147.0,-100.0,-68.03
-3.1464129607061975,-60.73942104530076,Fortaleza do Patauá,Regularizada,38.0,32.0,6.0,18.75
-2.9621445425515316,-65.79279885901909,Kumaru do Lago Ualá,Regularizada,358.0,226.0,132.0,58.41
-6.042637448261793,-62.19894853888592,Lago Capanã,Regularizada,61.0,197.0,-136.0,-69.04
-6.202918406403105,-61.9709746446734,Lago Jauari,Regularizada,327.0,187.0,140.0,74.87
-4.4948044771601845,-69.90167607057177,Lauro Sodré,Regularizada,1149.0,582.0,567.0,97.42
-2.1378266227704934,-67.21169231986741,Mapari,Regularizada,74.0,21.0,53.0,252.38
-3.216157173466406,-68.34587658463732,Maraitá,Regularizada,299.0,160.0,139.0,86.87
-2.8851172588437413,-68.46409454459594,Matintin,Regularizada,483.0,513.0,-30.0,-5.85
-0.7123387874265539,-67.6275152717502,Médio Rio Negro I,Regularizada,3207.0,2013.0,1194.0,59.31
-0.18961581148339268,-66.30460600522754,Médio Rio Negro II,Regularizada,739.0,1367.0,-628.0,-45.94
-3.8072614866676693,-59.15090252280873,Miguel/Josefa,Regularizada,709.0,455.0,254.0,55.82
-3.5778770991417175,-68.73723715692158,Nova Esperança do Rio Jandiatuba,Regularizada,7.0,504.0,-497.0,-98.61
-3.219598403950998,-58.654292250030586,Paraná do Arauató,Regularizada,41.0,47.0,-6.0,-12.77
-1.8753526711785364,-65.84101485078706,Parana do Paricá,Regularizada,26.0,26.0,0.0,0.0
-3.443764660093945,-59.30063705699912,Patauá,Regularizada,37.0,0.0,37.0,
-5.804324917957947,-64.59508117000152,Paumari do Lago Manissuã,Regularizada,83.0,0.0,83.0,
-5.669771212228392,-60.75251591813544,Pinatuba,Regularizada,533.0,608.0,-75.0,-12.34
-3.063085179881273,-68.9409816115651,Porto Limoeiro,Regularizada,40.0,119.0,-79.0,-66.39
-2.8862118433227684,-65.12903617690031,Porto Praia,Regularizada,276.0,308.0,-32.0,-10.39
-2.6742184822156596,-67.48160942673337,Prosperidade,Regularizada,419.0,270.0,149.0,55.19
-3.5453801884506477,-59.19940313965583,Recreio/São Félix,Regularizada,255.0,172.0,83.0,48.26
-3.851384934937777,-59.88732239280489,Rio Jumas,Regularizada,145.0,211.0,-66.0,-31.28
-6.183201342062803,-61.52620014595822,Rio Manicoré,Regularizada,71.0,221.0,-150.0,-67.87
-0.6080263641409486,-66.15168913520101,Rio Téa,Regularizada,336.0,323.0,13.0,4.02
-3.1041323923682436,-58.950783342663414,Rio Urubu,Regularizada,847.0,384.0,463.0,120.57
-2.7826197477398247,-67.70638660270109,Santa Cruz da Nova Aliança,Regularizada,489.0,376.0,113.0,30.05
-3.4088970301450576,-68.3398957370767,São Francisco do Canimari,Regularizada,276.0,154.0,122.0,79.22
-4.54871484276918,-69.73320358892882,São Leopoldo,Regularizada,1560.0,1160.0,400.0,34.48
-2.671237296186249,-67.59765825363698,São Sebastião,Regularizada,424.0,497.0,-73.0,-14.69
-4.25225089615528,-69.52018163154709,Sapotal,Regularizada,553.0,457.0,96.0,21.01
-7.201727889130005,-61.62375106294931,Sepoti,Regularizada,318.0,110.0,208.0,189.09
-3.146848848108631,-65.02014419845283,Tupã-Supé,Regularizada,,,,
3.9071889887628988,-60.964189149891105,Anaro,Regularizada,52.0,,,
2.7575198191201444,-60.166090726352856,Moskow,Regularizada,839.0,559.0,280.0,50.09
2.562353476009,-60.20895579671448,Muriru,Regularizada,214.0,154.0,60.0,38.96
-8.395900376218805,-71.36025600078561,Kaxinawá da Praia do Carapanã,Regularizada,804.0,571.0,233.0,40.81
-8.855480826646007,-52.00867060125939,Badjonkore,Regularizada,,109.0,,
-9.369178405125497,-54.18382969046605,Panará,Regularizada,555.0,478.0,77.0,16.11
-2.2847004594887625,-48.3518566373855,Turé/Mariquita II,Encaminhada RI,35.0,31.0,4.0,12.9
-10.736892997176604,-50.13246237512361,Inawebohona,Regularizada,317.0,226.0,91.0,40.27
-2.867696439722858,-46.250892197651574,Alto Turiaçu,Regularizada,4168.0,1864.0,2304.0,123.61
-6.064019220507264,-45.10380241798961,Kanela,Regularizada,2547.0,1864.0,683.0,36.64
-3.634702391531379,-45.51965738879344,Rio Pindaré,Regularizada,1294.0,770.0,524.0,68.05
-9.10159637740566,-38.18455148307627,Entre Serras,Regularizada,2038.0,3032.0,-994.0,-32.78
-8.774399957413742,-37.69590618733304,Tuxá de Inajá,Encaminhada RI,23.0,38.0,-15.0,-39.47
-8.518030275916567,-39.418928652025414,Truká,Regularizada,1258.0,2775.0,-1517.0,-54.67
-16.874572088628625,-40.581416969963726,Maxacali,Regularizada,1877.0,1238.0,639.0,51.62
-23.254401626271783,-44.65186979280906,Parati-Mirim,Regularizada,174.0,,,
-23.86948719221578,-46.650316337639076,Guarani da Barragem,Regularizada,365.0,599.0,-234.0,-39.07
-24.046628780297198,-46.652070404072646,Guarani do Aguapeu,Regularizada,171.0,95.0,76.0,80.0
-24.349574462234315,-47.116151396884966,Serra do Itatins,Regularizada,40.0,49.0,-9.0,-18.37
-25.524698437376315,-48.44082186239723,Ilha da Cotinga,Regularizada,57.0,101.0,-44.0,-43.56
-27.220055939479636,-52.564266412590406,Aldeia Kondá,Encaminhada RI,1106.0,657.0,449.0,68.34
-28.18154618965169,-48.79971755959007,Cachoeira dos Inácios,Regularizada,186.0,134.0,52.0,38.81
-27.462487041603264,-48.64603522326792,Mbiguaçu,Regularizada,100.0,114.0,-14.0,-12.28
-27.134241797636832,-52.517272376891704,Toldo Chimbangue II,Regularizada,545.0,315.0,230.0,73.02
-30.19075705776617,-51.02353927053197,Cantagalo,Regularizada,156.0,145.0,11.0,7.59
-30.358613988005256,-50.35504938740044,Capivari,Regularizada,25.0,,,
-29.677534672065658,-50.29494413003136,Guarani Barra do Ouro,Regularizada,,,,
-30.7607083664039,-51.625815917165404,Guarani de Águas Brancas,Declarada,,0.0,,
-28.360849779442976,-51.70904143913806,Monte Caseros,Regularizada,720.0,597.0,123.0,20.6
-27.426403213509346,-53.04326234313211,Nonoai/Rio da Várzea,Regularizada,309.0,548.0,-239.0,-43.61
-31.1683830931789,-51.786020417852114,Pacheca,Regularizada,,54.0,,
-27.181894376890053,-53.41201992477675,Rio dos Índios,Declarada,182.0,158.0,24.0,15.19
-29.06067736774168,-53.233417056997084,Salto Grande do Jacuí,Regularizada,148.0,148.0,0.0,0.0
-27.667820881964516,-52.87274744428182,Serrinha,Declarada,2183.0,2361.0,-178.0,-7.54
-29.71686940186166,-50.23992720649076,Varzinha,Regularizada,27.0,64.0,-37.0,-57.81
-27.799005988813402,-52.27855770710605,Ventarra,Regularizada,309.0,212.0,97.0,45.75
-20.861115369563326,-55.18567588663554,Buriti,Regularizada,3119.0,2605.0,514.0,19.73
-20.939878078791796,-54.97489635461496,Buritizinho,Regularizada,701.0,615.0,86.0,13.98
-22.241609304677535,-56.037194059897715,Ñande Ru Marangatu,Declarada,1343.0,1059.0,284.0,26.82
-21.24999357861634,-52.13390451884788,Ofayé-Xavante,Declarada,,71.0,,
-21.65297012858644,-55.111150212687924,Sucuriy,Regularizada,294.0,224.0,70.0,31.25
-9.772148082385081,-59.59922269564722,Arara do Rio Branco,Regularizada,120.0,125.0,-5.0,-4.0
-12.952289121825327,-53.92752305581035,Batovi,Regularizada,170.0,,,
-14.594200501144005,-53.22418183351278,Chão Preto,Regularizada,279.0,255.0,24.0,9.41
-14.909083839530862,-51.10098385510578,Karajá de Aruanã II,Regularizada,,0.0,,
-13.261763401587094,-60.18783060489445,Lagoa dos Brincos,Regularizada,,0.0,,
-11.759355525430301,-51.69070048036015,Maraiwatsede,Regularizada,1084.0,1945.0,-861.0,-44.27
-14.566805938834774,-53.504932005543225,Ubawawe,Regularizada,600.0,491.0,109.0,22.2
-10.705820180182002,-51.247328548493286,Urubu Branco,Regularizada,889.0,1106.0,-217.0,-19.62
-11.750779350499588,-53.06386903872819,Wawi,Regularizada,553.0,327.0,226.0,69.11
-7.870273478681874,-49.910214767161314,Las Casas,Regularizada,458.0,284.0,174.0,61.27
-3.0761619779528093,-48.038929609889664,Sarauá,Regularizada,4.0,1110.0,-1106.0,-99.64
-3.2900274044554587,-48.41252163367193,Barreirinha,Regularizada,102.0,136.0,-34.0,-25.0
-6.09421646350246,-45.63680527798683,Porquinhos,Regularizada,868.0,1762.0,-894.0,-50.74
-3.367194965712408,-59.34198583989877,Apipica,Regularizada,144.0,86.0,58.0,67.44
-7.558305811620399,-66.0222401660946,Apurinã do Igarapé Mucuim,Regularizada,58.0,506.0,-448.0,-88.54
-3.0436607489677217,-68.09745766707815,Betania,Regularizada,4872.0,4441.0,431.0,9.71
-2.944575959157668,-69.05530468983405,Lago do Correio,Regularizada,47.0,42.0,5.0,11.9
-4.352299109174225,-70.0050150226229,Bom Intento,Regularizada,537.0,381.0,156.0,40.94
-6.623486407670972,-70.28490775261044,Mawetek,Regularizada,369.0,151.0,218.0,144.37
-19.94974048667527,-40.16852232892445,Caieiras Velha II,Regularizada,,246.0,,
-13.839598633111533,-48.23939804330784,Avá-Canoeiro,Declarada,,,,
-15.10973568846289,-50.040655273219556,Carretão I,Regularizada,150.0,162.0,-12.0,-7.41
-15.055149695011897,-50.01919912511324,Carretão II,Regularizada,,,,
-14.914849030638768,-51.08180996827979,Karajá de Aruanã I,Homologada,106.0,105.0,1.0,0.95
-14.877022461412146,-51.08065358802212,Karajá de Aruanã III,Regularizada,62.0,55.0,7.0,12.73
-10.052338421056184,-36.925919063267386,Aconã,Regularizada,90.0,66.0,24.0,36.36
-12.17097335672147,-43.251017440160076,Barra,Regularizada,92.0,139.0,-47.0,-33.81
-9.339840138355274,-38.54713123444472,Brejo do Burgo,Regularizada,1034.0,524.0,510.0,97.33
-13.965315946183653,-39.202804029957804,Fazenda Bahiana,Regularizada,79.0,71.0,8.0,11.27
-12.075328371259452,-43.25247959016398,Ibotirama,Regularizada,367.0,428.0,-61.0,-14.25
-9.165534167824646,-38.38869507045419,Kantaruré,Regularizada,360.0,289.0,71.0,24.57
-9.450018571173795,-38.59027764799186,Pankararé,Regularizada,253.0,163.0,90.0,55.21
-16.921153371323246,-39.278325868347075,Águas Belas,Regularizada,388.0,228.0,160.0,70.18
-9.752321756414103,-71.22548384928363,Riozinho do Alto Envira,Homologada,277.0,101.0,176.0,174.26
-2.8194104770162474,-67.35882392594313,São Domingos do Jacapari e Estação,Regularizada,1935.0,623.0,1312.0,210.59
-16.463408399517142,-39.10317275682951,Aldeia Velha,Declarada,1082.0,891.0,191.0,21.44
-3.5993644998164447,-59.996980676593914,Lago do Marinheiro,Regularizada,139.0,408.0,-269.0,-65.93
-3.7332077803673425,-60.406783310508224,Tabocal,Regularizada,18.0,69.0,-51.0,-73.91
-7.35711476163198,-61.93671719448697,Tenharim Marmelos (Gleba B),Regularizada,,183.0,,
-4.483030354168731,-69.5448810567886,Sururuá,Declarada,386.0,576.0,-190.0,-32.99
-5.001857241817715,-60.0909077183317,Setemã,Regularizada,210.0,576.0,-366.0,-63.54
-23.30715291095833,-50.47003994083259,Yvyporã Laranjinha,Declarada,64.0,80.0,-16.0,-20.0
-26.868957475496813,-53.1125722182568,Guarani de Araçaí,Declarada,,253.0,,
-27.787569807800047,-48.64800770396579,Morro dos Cavalos,Declarada,212.0,230.0,-18.0,-7.83
-26.487435447682,-48.82867244321209,Pirai (1),Declarada,103.0,,,
-26.298401297931903,-48.663091614531346,Morro Alto (1),Declarada,118.0,,,
-26.577951330301932,-52.36098360110841,Toldo Imbu,Declarada,274.0,157.0,117.0,74.52
-11.01120542369107,-49.90002148807279,Krahó-Kanela,Regularizada,104.0,580.0,-476.0,-82.07
-26.65559674398275,-52.42656670150543,Xapecó (Pinhalzinho-Canhadão),Declarada,7.0,85.0,-78.0,-91.76
-26.413288766641976,-48.68999635736427,Pindoty (1),Declarada,229.0,,,
-6.777313312842126,-35.05310395059905,Potiguara de Monte-Mor,Declarada,7639.0,9143.0,-1504.0,-16.45
-22.357582592717765,-55.30582841490439,Jatayvari (1),Declarada,313.0,,,
-23.711617162370846,-55.279904501436675,Arroio-Korá,Homologada,747.0,648.0,99.0,15.28
-23.814134255855766,-54.747586200763386,Sombrerito,Declarada,105.0,256.0,-151.0,-58.98
-23.945072766284035,-55.374755323586896,Potrero Guaçu,Declarada,916.0,725.0,191.0,26.34
-22.52565748505414,-54.624791699215216,Guyraroká,Declarada,87.0,525.0,-438.0,-83.43
-22.73752612193372,-54.624494101587544,Taquara,Declarada,238.0,288.0,-50.0,-17.36
-13.564964282251655,-57.3493670459991,Ponte de Pedra,Declarada,,234.0,,
-14.349567392694036,-59.32454042773405,Uirapuru,Declarada,42.0,238.0,-196.0,-82.35
-16.14976433333254,-59.47867601786018,Portal do Encantado,Declarada,197.0,1046.0,-849.0,-81.17
-16.966105812620988,-56.557853967896044,Baía dos Guató,Homologada,121.0,,,
-9.000550284133569,-59.96387914806435,Kawahiva do Rio Pardo (1),Declarada,,,,
-12.929742882129394,-52.838530265180566,Pequizal do Naruvôtu,Regularizada,35.0,1112.0,-1077.0,-96.85
-11.359623505846676,-50.80337042089545,Cacique Fontoura,Declarada,,0.0,,
-11.051939283937326,-51.47455006955369,Krenrehé,Regularizada,14.0,41.0,-27.0,-65.85
-3.938987967513597,-38.63464328611196,Pitaguary,Declarada,2942.0,2579.0,363.0,14.08
-3.105148980384184,-39.96187784936216,Córrego João Pereira,Regularizada,619.0,409.0,210.0,51.34
-3.982794687615897,-38.27198300470334,Lagoa Encantada (1),Declarada,340.0,,,
-26.46184648803331,-48.70300522977777,Tarumã (1),Declarada,41.0,,,
-24.2321817181716,-46.940477284074476,Piaçaguera (1),Regularizada,309.0,,,
-4.748239457499799,-48.95697639092238,Nova Jacundá,Regularizada,66.0,110.0,-44.0,-40.0
-14.931404100554424,-44.12416388034339,Xakriabá Rancharia,Regularizada,952.0,820.0,132.0,16.1
-17.560947861059027,-41.269884963075945,Mundo Verde/Cachoeirinha,Regularizada,33.0,,,
-17.6408100165184,-41.6695070600639,Hãm Yîxux,Regularizada,164.0,,,
-9.084620119640102,-72.87735626484742,Arara do Rio Amônia,Declarada,429.0,346.0,83.0,23.99
-25.21758951046547,-52.34848696474101,Boa Vista - PR,Declarada,72.0,116.0,-44.0,-37.93
-20.36752923416707,-56.13494967447085,Nossa Senhora de Fátima,Regularizada,,0.0,,
-9.70677680357519,-53.83036944831525,Terena Gleba Iriri,Regularizada,181.0,0.0,181.0,
-3.6041263806008224,-51.68119091678331,Arara da Volta Grande do Xingu,Regularizada,234.0,243.0,-9.0,-3.7
-10.63205781542547,-38.732099744383426,Fazenda Sítio,Regularizada,86.0,,,
-8.425159427866275,-36.83122538919373,Xukuru de Cimbres,Regularizada,115.0,10.0,105.0,1050.0
-12.349009308343488,-43.32282973740332,Fazenda Remanso,Regularizada,46.0,0.0,46.0,
-10.173974987710082,-50.23455333934464,Utaria Wyhyna/Iròdu Iràna (1),Declarada,41.0,,,
-11.955153651474225,-49.79151684761004,Taego Ãwa (1),Declarada,1.0,,,
-3.707065906117283,-38.727023590185674,Taba dos Anacé (1),Encaminhada RI,463.0,,,
-25.004645535175925,-54.049808834314696,Tekoha Itamarã (1),Regularizada,200.0,,,
-27.373301042851338,-48.93969883951083,Águas Claras (1),Regularizada,38.0,,,
-27.380564347209567,-48.760756751344275,Amaral/Tekoá Kuriy (1),Encaminhada RI,102.0,,,
-27.339652299229147,-48.663920600379655,Morro da Palha (1),Encaminhada RI,103.0,,,
-12.735575620233423,-57.61411863030144,Manoki (1),Declarada,,,,
-14.137796363180898,-56.922481748712684,Estação Parecis (1),Declarada,18.0,,,
0.6298042521750373,-66.93664231656984,Cué Cué/Marabitanas (1),Declarada,2093.0,,,
-3.42120679937642,-59.429607200432194,Sissaíma (1),Declarada,209.0,,,
-3.5131373117707305,-59.45491689850181,Ponciano (1),Declarada,54.0,,,
-3.3701895078928397,-59.21988349959061,Murutinga/Tracaja (1),Declarada,1495.0,,,
-4.547389083211685,-69.87146233202849,Guanabara (1),Declarada,391.0,,,
-4.272129736278283,-59.91991242051392,Lago do Limão (1),Declarada,94.0,,,
-3.2511247604197884,-55.02750374707442,Munduruku-Taquara (1),Declarada,213.0,,,
-3.0512887397434287,-55.00765632509521,Bragança-Marituba (1),Declarada,200.0,,,
-2.35023273406928,-47.96850558270801,Maracaxi (1),Declarada,46.0,,,
-5.950575057571057,-45.86441934567944,Bacurizinho (1),Declarada,95.0,,,
-20.08871918106573,-56.21623894940359,Cachoeirinha (1),Declarada,306.0,,,
-19.871059803401785,-40.178128259160324,Tupiniquim (1),Regularizada,3853.0,,,
-26.769237393834302,-49.793931075884075,Ibirama-La Klãnô (1),Declarada,505.0,,,
-30.339617965820842,-53.198178253897034,Irapuá (1),Declarada,,,,
-23.4602088797342,-46.77104618127359,Jaraguá (1),Declarada,399.0,,,
-23.942042285600504,-46.620153782367666,Tenondé Porã (1),Declarada,548.0,,,
-21.250073523812542,-52.13386495661926,Ofayé-Xavante (1),Regularizada,,,,
-3.453784808094588,-51.75787310455696,Paquiçamba (1),Declarada,34.0,,,
-27.146696560515398,-52.45235090550363,Pinhal (1),Regularizada,100.0,,,
-23.76406102803223,-54.53790029514418,Yvy-Katu (1),Declarada,921.0,,,
-24.534474357910277,-48.215889638140844,Takuari (1),Encaminhada RI,91.0,,,
-27.864718490269407,-51.77223052044744,Passo Grande do Rio Forquilha (1),Declarada,74.0,,,
-1.548412549149381,-66.62348340008201,Uneiuxi (1),Declarada,204.0,,,
-11.075670273438524,-64.68158344993714,Rio Negro Ocaia (1),Declarada,157.0,,,
-20.247140738543788,-56.050043133014896,Taunay/Ipegue (1),Declarada,488.0,,,
-8.532694601907295,-39.34962208185528,Truká (1),Declarada,1598.0,,,
-9.388532522367695,-36.62603514392494,Xukuru-Kariri (1),Declarada,957.0,,,
-29.866832977414283,-50.15407878438827,Estrada do Mar (1),Regularizada,105.0,,,
-29.363841444677927,-49.795707464574654,Campo Bonito (1),Regularizada,129.0,,,
-2.64138812803242,-52.132274647976686,Juruna do Km 17 (1),Encaminhada RI,108.0,,,
-3.1824529317894394,-39.43368862110924,Tremembé da Barra do Mundaú (1),Declarada,542.0,,,
-27.29828089403684,-48.740967768370076,Canelinha (1),Regularizada,,,,
-0.3215664410954656,-57.25689800524182,Kaxuyana-Tunayana (1),Declarada,749.0,,,
-9.264621665691676,-38.197400752307686,Fazenda Cristo Rei (1),Encaminhada RI,170.0,,,
-23.952718858016325,-47.5556248746588,Tekoa Gwyra Pepo (1),Regularizada,142.0,,,
-26.883240571141616,-49.704118423783164,Barragem Norte (1),Encaminhada RI,538.0,,,
-3.0935106732200754,-40.02466942604912,Tremembé de Queimadas (1),Declarada,290.0,,,
-10.137729312592011,-36.83471538286414,Kariri-Xocó (1),Declarada,558.0,,,
-6.0271997649495335,-44.772361432029136,Krenyê (1),Regularizada,83.0,,,
-20.91189425991427,-55.16582737681588,Buriti (1),Declarada,163.0,,,
-12.407224767805516,-60.01415186278482,Uty-Xunaty (1),Encaminhada RI,,,,
-21.945603458286534,-46.33250321426327,Fazenda Boa Vista - MG (1),Regularizada,107.0,,,
-0.9676592969594409,-65.22208062451806,Jurubaxi-téa (1),Declarada,656.0,,,
-3.5550704284174657,-67.01602230090485,Riozinho (1),Declarada,125.0,,,
-9.22445271510377,-38.30245227734222,Quixaba (1),Encaminhada RI,61.0,,,
-8.302830990189323,-71.80414535850608,Rio Gregório (1),Declarada,343.0,,,
-11.028844107231397,-44.74949437171697,Fazenda Jenipapeiro (1),Encaminhada RI,30.0,,,
-12.177798863779987,-43.271701871208826,Fazenda Sempre Verde (1),Regularizada,15.0,,,
-20.471126657258928,-45.04589996308769,Muã Mimatxi (Fazenda Modelo Diniz) (1),Regularizada,29.0,,,
-8.603809443644165,-39.573002536679994,Ilhas da Tapera/São Félix/Porto (1),Encaminhada RI,136.0,,,
-29.628010311283933,-50.405949320645426,Riozinho - RS (1),Regularizada,,,,
-23.729144436133755,-45.79759857256001,Guarani do Ribeirão Silveira (1),Regularizada,318.0,,,
-8.68958564653791,-41.353678474201274,Kariri de Serra Grande (1),Encaminhada RI,114.0,,,
-3.921334671830641,-48.683326379930534,Amanayé (1),Encaminhada RI,69.0,,,
-9.046125446858406,-35.71378245748093,Wassu Cocal,Regularizada,1837.0,2082.0,-245.0,-11.77
-8.871355462564049,-49.69978614678215,Maranduba,Regularizada,22.0,,,
-25.23899743200599,-54.315245056140405,Avá-Guarani do Ocoí,Regularizada,503.0,630.0,-127.0,-20.16
-25.893407487830626,-52.32600658968326,Mangueirinha,Regularizada,1994.0,1475.0,519.0,35.19
-23.28367397505352,-50.40833461702971,Laranjinha,Regularizada,221.0,200.0,21.0,10.5
-25.761653153114406,-51.23916755201242,Rio Areia,Regularizada,111.0,112.0,-1.0,-0.89
-24.238344603034495,-50.96684471874883,Queimadas,Regularizada,648.0,429.0,219.0,51.05
-23.661757168110764,-50.87789545393335,Barão de Antonina,Regularizada,467.0,491.0,-24.0,-4.89
-24.586865790566666,-51.586077035833114,Ivai,Regularizada,1886.0,1687.0,199.0,11.8
-25.055470658954032,-51.40276415905912,Marrecas,Regularizada,497.0,551.0,-54.0,-9.8
-23.74270543341635,-50.75855274191857,São Jerônimo,Regularizada,554.0,494.0,60.0,12.15
-24.016466804883592,-50.75243660357938,Tibagy/Mococa,Regularizada,127.0,168.0,-41.0,-24.4
-15.448352104439602,-53.86152313966633,Sangradouro/Volta Grande,Regularizada,1817.0,882.0,935.0,106.01
-23.310025883813047,-44.77507089176636,Guarani Araponga,Regularizada,26.0,,,
-22.879282865652716,-44.384426796454406,Guarani de Bracuí,Regularizada,339.0,298.0,41.0,13.76
-7.130611620325073,-49.16838690846776,Xambioá,Regularizada,371.0,325.0,46.0,14.15
-9.635986254452986,-48.31228850768211,Funil,Regularizada,530.0,361.0,169.0,46.81
-6.1172125240504975,-47.620447329349915,Apinayé,Regularizada,2698.0,1878.0,820.0,43.66
-19.217678757834292,-41.30320189903139,Krenak,Regularizada,519.0,257.0,262.0,101.95
-19.03817446730424,-43.11954144245899,Fazenda Guarani,Regularizada,463.0,244.0,219.0,89.75
-14.882801454089577,-44.28832316587733,Xacriabá,Regularizada,7993.0,6977.0,1016.0,14.56
-19.75673416600862,-40.01400376936162,Comboios,Regularizada,,500.0,,
-15.34160634710209,-39.703215083898975,Caramuru/Paraguassu,Regularizada,3022.0,3960.0,-938.0,-23.69
-16.352012113429282,-39.05054501094948,Coroa Vermelha,Regularizada,2476.0,3462.0,-986.0,-28.48
-16.65508924773718,-39.158964365204014,Imbiriba,Regularizada,521.0,395.0,126.0,31.9
-16.154614644071003,-39.00951857094099,Mata Medonha,Regularizada,244.0,194.0,50.0,25.77
-10.429116466907098,-38.77867534127729,Massacara,Regularizada,1023.0,766.0,257.0,33.55
-13.404645751461162,-43.780785387044496,Vargem Alegre,Regularizada,45.0,,,
-16.85818366925933,-39.22831762705112,Barra Velha,Regularizada,3448.0,2989.0,459.0,15.36
-9.39373005196038,-36.58486900779548,Fazenda Canto,Regularizada,699.0,613.0,86.0,14.03
-9.378831702475773,-36.6344312779671,Mata da Cafurna,Regularizada,100.0,391.0,-291.0,-74.42
-9.917256278096568,-36.71721576224134,Tingui Botó,Regularizada,297.0,143.0,154.0,107.69
-10.157000129359544,-36.827855859941344,Kariri-Xocó,Regularizada,1702.0,1949.0,-247.0,-12.67
-9.229354648554807,-38.03419099787933,Geripancó,Regularizada,112.0,632.0,-520.0,-82.28
-10.00964794762167,-36.62533938725996,Karapotó,Regularizada,320.0,392.0,-72.0,-18.37
-8.620928754031059,-53.318255998305446,Menkragnoti,Regularizada,1383.0,1388.0,-5.0,-0.36
-0.12051416267721501,-55.787749685116005,Zo'é,Regularizada,330.0,255.0,75.0,29.41
-5.636919596926699,-52.0377493501403,Apyterewa,Regularizada,767.0,3588.0,-2821.0,-78.62
-5.7402859066601595,-54.58727820353166,Kuruáya,Regularizada,281.0,165.0,116.0,70.3
-3.7435761504792566,-38.69122861346756,Tapeba (1),Declarada,5328.0,,,
-17.616856436751746,-57.73187713010534,Guató,Regularizada,134.0,148.0,-14.0,-9.46
-6.73586267144583,-35.08433194636174,Jacaré de São Domingos,Regularizada,445.0,438.0,7.0,1.6
-8.295067081239228,-38.81807821980975,Atikum,Regularizada,3533.0,3153.0,380.0,12.05
-8.32449231655528,-36.767839650305206,Xukuru,Regularizada,8179.0,7672.0,507.0,6.61
-9.111659784389406,-37.112063084396375,Fulni-ô,Regularizada,5627.0,4463.0,1164.0,26.08
-8.657671376836905,-37.86752221714363,Kambiwá,Regularizada,2931.0,3885.0,-954.0,-24.56
-8.615814655276319,-37.34641656778073,Kapinawá,Regularizada,1413.0,1443.0,-30.0,-2.08
-27.50311798144863,-52.679467250777684,Guarani Votouro,Regularizada,46.0,43.0,3.0,6.98
-23.072910408778093,-55.501201136323324,Guasuti,Regularizada,668.0,533.0,135.0,25.33
-22.92466048999845,-54.60872867737504,Jarara,Homologada,316.0,287.0,29.0,10.1
-22.125235634104953,-54.67026058799054,Panambizinho,Regularizada,381.0,306.0,75.0,24.51
-23.576460954848343,-55.4676870806241,Sete Cerros,Homologada,588.0,378.0,210.0,55.56
-23.762461608982473,-55.16438113317266,Takuaraty/Yvykuarusu,Homologada,950.0,591.0,359.0,60.74
-5.860505518617695,-71.37112522452881,Vale do Javari,Regularizada,5519.0,6802.0,-1283.0,-18.86
-3.3340601878881206,-46.4627009690547,Awa,Regularizada,113.0,365.0,-252.0,-69.04
-4.333702586120952,-54.167779954093575,Cachoeira Seca,Regularizada,404.0,2289.0,-1885.0,-82.35
-10.731492280257912,-58.23576289548282,Japuira,Regularizada,461.0,357.0,104.0,29.13
-10.94195840644768,-57.394918813724466,Apiaka/Kayabi,Regularizada,857.0,797.0,60.0,7.53
-10.584993292924974,-60.82068052274151,Zoró,Regularizada,751.0,626.0,125.0,19.97
-13.728467376583374,-59.93966014157295,Vale do Guaporé,Regularizada,1104.0,1596.0,-492.0,-30.83
-14.76987084520432,-58.647428188214725,Figueiras,Regularizada,,663.0,,
-14.51010060654958,-58.0845322479112,Rio Formoso,Regularizada,188.0,167.0,21.0,12.57
-12.191684878966933,-58.418061318767414,Menkü,Regularizada,146.0,115.0,31.0,26.96
1.1286271552974838,-52.89786563680001,Waiãpi,Regularizada,1665.0,874.0,791.0,90.5
3.5424803461322325,-51.49316017492075,Uaçá,Regularizada,6093.0,4836.0,1257.0,25.99
3.9576332235652814,-51.72438188951072,Galibi,Regularizada,,124.0,,
3.890298536150084,-61.42362310391501,Ananás,Regularizada,26.0,,,
3.4612062303516367,-61.40257256563081,Aningal,Regularizada,264.0,208.0,56.0,26.92
3.363341608660174,-61.14887733724923,Anta,Regularizada,160.0,99.0,61.0,61.62
3.6252035853468265,-61.10515824498133,Araçá,Regularizada,2289.0,1043.0,1246.0,119.46
3.305348313200619,-61.05254828186539,Barata Livramento,Regularizada,820.0,665.0,155.0,23.31
3.4512017680093003,-59.84263935591171,Bom Jesus,Regularizada,50.0,97.0,-47.0,-48.45
3.251255954238142,-61.2951464149525,Boqueirão,Regularizada,466.0,459.0,7.0,1.53
3.7635471390321182,-61.31383788796275,Cajueiro,Regularizada,234.0,112.0,122.0,108.93
2.7790750055497693,-60.50500873989541,Canauanim,Regularizada,1169.0,832.0,337.0,40.5
1.9907852054587742,-59.867913620849926,Jacamim,Regularizada,1174.0,1518.0,-344.0,-22.66
3.2084935212465875,-60.291338055629055,Jabuti,Regularizada,450.0,307.0,143.0,46.58
3.269550278641917,-61.405302496066845,Mangueira,Regularizada,113.0,80.0,33.0,41.25
2.9488440925740793,-60.07952132258552,Manoa/Pium,Regularizada,2695.0,1999.0,696.0,34.82
3.494590620661117,-60.67177566880879,Ouro,Regularizada,290.0,179.0,111.0,62.01
3.4026893451338656,-61.10472913486335,Pium,Regularizada,379.0,305.0,74.0,24.26
3.6055146544772385,-60.88022519941397,Ponta da Serra,Regularizada,300.0,168.0,132.0,78.57
2.8839444816794013,-61.314388627201666,Raimundão,Regularizada,545.0,351.0,194.0,55.27
4.173108826852033,-61.36633612856954,Santa Inez,Regularizada,229.0,157.0,72.0,45.86
3.251583482123714,-60.686825429955306,Serra da Moça,Regularizada,676.0,477.0,199.0,41.72
2.9685113077875056,-61.15786239954651,Sucuba,Regularizada,448.0,212.0,236.0,111.32
3.2333458348236173,-60.97324173817772,Truaru,Regularizada,430.0,354.0,76.0,21.47
1.3923922320382551,-59.63923017952106,Waiwái,Regularizada,500.0,289.0,211.0,73.01
-6.6899870967446455,-35.00191716465512,Potiguara,Regularizada,10960.0,8715.0,2245.0,25.76
-9.146111214104947,-38.20207854727693,Pankararu,Regularizada,7293.0,5365.0,1928.0,35.94
-23.174191076054278,-55.20428432678435,Aldeia Limão Verde,Regularizada,2086.0,1092.0,994.0,91.03
-22.853309304000195,-55.20210137614366,Guaimbé,Regularizada,426.0,443.0,-17.0,-3.84
-22.849482112931994,-55.117985304467076,Rancho Jacaré,Regularizada,431.0,445.0,-14.0,-3.15
-22.008327533729982,-56.04052927223748,Pirakua,Regularizada,375.0,473.0,-98.0,-20.72
-23.95517691932871,-55.28398691317579,Pirajuí,Regularizada,1797.0,2029.0,-232.0,-11.43
-23.069434710817752,-55.18672878056245,Amambai,Regularizada,6861.0,5468.0,1393.0,25.48
-23.786574284227978,-54.58758307386131,Porto Lindo,Regularizada,3706.0,3909.0,-203.0,-5.19
-23.593067281799975,-54.767240843426585,Sassoró,Regularizada,2255.0,2763.0,-508.0,-18.39
-23.21716632449961,-55.433164817016994,Taquaperi,Regularizada,3144.0,2578.0,566.0,21.96
-21.15755571901217,-55.73867890964617,Nioaque,Regularizada,1430.0,1288.0,142.0,11.02
-20.334428682744836,-55.690495645917586,Limão Verde,Regularizada,1127.0,1164.0,-37.0,-3.18
-20.256748721285845,-56.07164826714318,Taunay-Ipegue,Regularizada,3380.0,4047.0,-667.0,-16.48
-20.254943799166853,-56.36270904336185,Pilad Rebuá,Regularizada,2374.0,2028.0,346.0,17.06
-20.578082755562544,-56.27897075602239,Lalima,Regularizada,1322.0,1317.0,5.0,0.38
-20.189095490597207,-56.27627040105295,Cachoeirinha,Regularizada,3399.0,3255.0,144.0,4.42
-22.597192255481563,-54.96500307610644,Caarapó,Regularizada,4414.0,4283.0,131.0,3.06
-22.170766615907905,-54.83632532800532,Dourados,Regularizada,13473.0,11138.0,2335.0,20.96
4.097877383449122,-51.59408795569159,Jumina,Regularizada,,122.0,,
-12.739524531263237,-59.93204318095968,Pirineus de Souza,Regularizada,372.0,279.0,93.0,33.33
-10.574080141159405,-59.97228386684093,Aripuanã,Regularizada,376.0,311.0,65.0,20.9
-10.958575367631285,-61.18893764468771,Sete de Setembro,Regularizada,1443.0,1048.0,395.0,37.69
-10.63694918540998,-50.67890307576157,Tapirapé/Karajá,Regularizada,545.0,397.0,148.0,37.28
-13.648329813176176,-58.27091183108984,Utiariti,Regularizada,686.0,406.0,280.0,68.97
-13.1402702474798,-58.41633989372092,Tirecatinga,Regularizada,241.0,174.0,67.0,38.51
-11.014206473987112,-59.357556849305666,Serra Morena,Regularizada,140.0,131.0,9.0,6.87
-11.272133458282617,-50.71591097171181,São Domingos - MT,Regularizada,230.0,299.0,-69.0,-23.08
-10.20967619722599,-53.149648815355356,Capoto/Jarina,Regularizada,1588.0,1004.0,584.0,58.17
-9.503250916218846,-58.64288435625943,Escondido,Regularizada,80.0,30.0,50.0,166.67
-14.595466450232301,-58.64226745542308,Estivadinho,Regularizada,47.0,37.0,10.0,27.03
-12.225563001334873,-59.171863569863056,Enawenê-Nawê,Regularizada,1023.0,620.0,403.0,65.0
-16.56474097555827,-55.09100853459307,Tereza Cristina,Regularizada,409.0,426.0,-17.0,-3.99
-13.956181788151195,-53.97351817620889,Marechal Rondon,Regularizada,1042.0,548.0,494.0,90.15
-16.18420644506073,-54.31994740679524,Jarudore,Regularizada,72.0,413.0,-341.0,-82.57
-12.628821924126315,-61.74270206989962,Rio Mequens,Regularizada,85.0,50.0,35.0,70.0
-11.097520148104598,-60.5983757514645,Roosevelt,Regularizada,864.0,1464.0,-600.0,-40.98
-11.918053656669812,-64.97155074981625,Sagarana,Regularizada,332.0,57.0,275.0,482.46
-12.625050874858486,-60.63196907904474,Tubarão Latunde,Regularizada,265.0,196.0,69.0,35.2
-11.183569816305047,-63.47773993264433,Uru-Eu-Wau-Wau,Regularizada,367.0,558.0,-191.0,-34.23
-9.332261813249017,-64.05292198414926,Karitiana,Regularizada,229.0,269.0,-40.0,-14.87
-10.00131292247471,-64.48561054696492,Karipuna,Regularizada,40.0,31.0,9.0,29.03
-12.155304132462065,-62.64236645011212,Rio Branco,Regularizada,745.0,605.0,140.0,23.14
-10.471798197361347,-61.64468580583152,Igarapé Lourdes,Regularizada,1177.0,918.0,259.0,28.21
-11.369645475046978,-65.10478736994173,Pacaas Novas,Regularizada,1895.0,1321.0,574.0,43.45
-11.082837975050365,-64.63598425211745,Rio Negro Ocaia,Regularizada,704.0,585.0,119.0,20.34
-10.526859573345776,-65.02423987251647,Igarapé Lage,Regularizada,1348.0,614.0,734.0,119.54
-11.951164703865311,-64.71495915265804,Rio Guaporé,Regularizada,809.0,913.0,-104.0,-11.39
-27.825218037394368,-51.628493948443406,Cacique Doble,Regularizada,856.0,832.0,24.0,2.88
-28.19483773726236,-52.01397120344802,Carreteiro,Regularizada,306.0,244.0,62.0,25.41
-27.437696463016444,-53.65100054436596,Guarita,Regularizada,6221.0,5996.0,225.0,3.75
-27.8505150184619,-53.89238201353794,Inhacorá,Regularizada,1234.0,1044.0,190.0,18.2
-27.19153513612946,-53.24118539263936,Kaingang de Iraí,Regularizada,645.0,671.0,-26.0,-3.87
-27.9551828610604,-51.94291179275105,Ligeiro,Regularizada,1097.0,1514.0,-417.0,-27.54
-27.45728831072095,-52.64275457091864,Votouro,Regularizada,904.0,956.0,-52.0,-5.44
-5.498103548191767,-46.65748800526338,Governador,Regularizada,1352.0,1049.0,303.0,28.88
-5.884377796965141,-45.795316578585,Bacurizinho,Regularizada,4309.0,2903.0,1406.0,48.43
-3.718517018898001,-46.33830954930058,Caru,Regularizada,774.0,375.0,399.0,106.4
-5.822296377396379,-46.129490165125745,Morro Branco,Regularizada,966.0,587.0,379.0,64.57
-5.06976243913522,-46.424359086513626,Arariboia,Regularizada,10158.0,6997.0,3161.0,45.18
-5.903968110721301,-46.928354062544166,Krikati,Regularizada,1278.0,1517.0,-239.0,-15.75
-3.7613019193775994,-69.59741664916234,Évare I,Regularizada,20177.0,16686.0,3491.0,20.92
-3.7932307390598328,-69.27304225797329,Évare II,Regularizada,2713.0,3164.0,-451.0,-14.25
-9.07445068964012,-67.14477011097382,Boca do Acre,Regularizada,197.0,84.0,113.0,134.52
-4.397810647888555,-69.9957414719317,Tikuna de Santo Antônio,Regularizada,4077.0,2268.0,1809.0,79.76
-6.910698319210875,-66.39520807934905,Zuruahã,Regularizada,158.0,0.0,158.0,
-4.348353338204328,-69.44401307963945,Tikúna de Feijoal,Regularizada,4279.0,4481.0,-202.0,-4.51
-3.7216093862093476,-59.26481752248873,Trincheira,Regularizada,400.0,124.0,276.0,222.58
-3.742357549785855,-59.18321946884476,Padre,Regularizada,38.0,,,
-7.868228379814321,-64.77330840652333,Caititu,Regularizada,907.0,241.0,666.0,276.35
-5.686541585364647,-62.99883845832473,Apurinã Igarapé Tauamirim,Regularizada,156.0,123.0,33.0,26.83
-9.304827300255472,-67.21723752154745,Apurinã Km 124 BR-317,Regularizada,300.0,135.0,165.0,122.22
-7.429784123502974,-69.90930759568525,Cacau do Tarauaca,Regularizada,312.0,418.0,-106.0,-25.36
-7.841258928724669,-66.1813496413081,Acimã,Regularizada,79.0,89.0,-10.0,-11.24
-7.473393201681629,-67.17275719263493,Água Preta/Inari,Regularizada,124.0,349.0,-225.0,-64.47
-8.86232596496751,-68.14578661294591,Igarapé Capana,Regularizada,46.0,85.0,-39.0,-45.88
-7.499647205250782,-66.77999802804946,Catipari/Mamoria,Regularizada,202.0,257.0,-55.0,-21.4
-4.67024189081254,-59.13620435961717,Coata-Laranjal,Regularizada,4110.0,4727.0,-617.0,-13.05
-3.517108251953578,-59.2065626905137,Cuia,Regularizada,485.0,224.0,261.0,116.52
-4.4972656531342405,-60.44201211017418,Cunhã-Sapucaia,Regularizada,908.0,742.0,166.0,22.37
-6.786649150908954,-67.5409866631649,Deni,Regularizada,2004.0,1420.0,584.0,41.13
-2.844901616762339,-66.86110056294285,Estrela da Paz,Regularizada,992.0,495.0,497.0,100.4
-3.4258305928091315,-59.48206861829475,Gavião,Regularizada,83.0,27.0,56.0,207.41
-7.729182400967978,-66.85657610089355,Guajahã,Regularizada,,55.0,,
-3.6726894224815707,-61.49980031391594,Ilha do Camaleão,Regularizada,213.0,385.0,-172.0,-44.68
-3.562590832778847,-59.19706100385471,Itaitinga,Regularizada,,,,
-3.0827635157608086,-64.87088689489151,Jaquiri,Regularizada,61.0,82.0,-21.0,-25.61
-3.085951561905666,-60.91441082456078,Jatuarana,Regularizada,40.0,0.0,40.0,
-7.1635123763763975,-65.403857001473,Jarawara/Jamamadi/Kanamati,Regularizada,302.0,527.0,-225.0,-42.69
-7.201352053636901,-70.62022131058852,Kulina do Médio Juruá,Regularizada,2814.0,2458.0,356.0,14.48
-4.377824987242681,-62.141228250301154,Lago Aiapua,Regularizada,371.0,623.0,-252.0,-40.45
-3.8069937047091122,-61.27576837805457,Lago do Beruri,Regularizada,175.0,26.0,149.0,573.08
-2.9202718482743997,-67.14055821761097,Macarrão,Regularizada,979.0,609.0,370.0,60.76
-1.6318248885197697,-65.50932852014427,Maraã Urubaxi,Regularizada,42.0,,,
-3.1883283473284885,-64.82595271465547,Marajai,Regularizada,865.0,699.0,166.0,23.75
-6.957162776829105,-65.74378970199507,Hi Merimã,Regularizada,,0.0,,
-3.0282510894876373,-65.2386201935343,Miratu,Regularizada,270.0,115.0,155.0,134.78
-3.5656831285938466,-59.22092742745987,Natal/Felicidade,Regularizada,222.0,118.0,104.0,88.14
-3.5525564427699328,-59.07252153167451,Paracuhuba,Regularizada,197.0,134.0,63.0,47.01
-1.669044557558553,-67.12712010445262,Parana do Boa Boa,Regularizada,355.0,344.0,11.0,3.2
-6.066596270493384,-64.90177035493278,Paumari do Cuniua,Regularizada,79.0,96.0,-17.0,-17.71
-7.627626635660515,-65.23637803468597,Paumari do Lago Marahã,Regularizada,1004.0,1015.0,-11.0,-1.08
-7.372624423556717,-64.97902766765898,Paumari do Rio Ituxi,Regularizada,145.0,205.0,-60.0,-29.27
-5.934197815432126,-64.71179010520929,Paumari do Lago Paricá,Regularizada,62.0,78.0,-16.0,-20.51
-8.1457589879443,-67.09566861302072,Peneri/Tacaquiri,Regularizada,862.0,791.0,71.0,8.98
-7.106370677384807,-62.093386955873264,Pirahã,Regularizada,393.0,178.0,215.0,120.79
-7.890758785130467,-65.79287877659067,São Pedro do Sepatini,Regularizada,66.0,123.0,-57.0,-46.34
-8.166694561220167,-66.84514974678225,Seruini/Mariene,Regularizada,48.0,159.0,-111.0,-69.81
-8.492664009974858,-61.17098231527494,Tenharim do Igarapé Preto,Regularizada,105.0,22.0,83.0,377.27
-8.314073596540299,-61.951084895610904,Tenharim Marmelos,Regularizada,715.0,663.0,52.0,7.84
-4.702669980424649,-62.65480796759455,Itixi Mitari,Regularizada,683.0,311.0,372.0,119.61
-6.315276030209417,-61.647391423275195,Torá,Regularizada,84.0,765.0,-681.0,-89.02
-0.012185336457746675,-58.68573583371123,Trombetas/Mapuera,Regularizada,895.0,698.0,197.0,28.22
-3.7400352190648314,-56.924902932506164,Andirá-Marau,Regularizada,14307.0,11321.0,2986.0,26.38
-8.63332653524584,-67.57606298992829,Camicua,Regularizada,434.0,454.0,-20.0,-4.41
-8.016768674461296,-66.33903479409372,Alto Sepatini,Regularizada,29.0,56.0,-27.0,-48.21
-6.76310208058524,-64.91276087468083,Banawá,Regularizada,201.0,115.0,86.0,74.78
-9.39685509879713,-66.29545125382668,Kaxarari,Regularizada,521.0,406.0,115.0,28.33
-3.7314639706214097,-59.23809426918101,São Pedro,Regularizada,86.0,93.0,-7.0,-7.53
-3.2256096327687223,-59.37648010251165,Boa Vista - AM,Regularizada,37.0,30.0,7.0,23.33
-7.22727759158703,-67.10919113413979,Camadeni,Regularizada,30.0,96.0,-66.0,-68.75
-7.9837977245777525,-66.58505262378712,Tumiã,Regularizada,,66.0,,
-2.3756566674628066,-67.37613209638587,Uati-Paraná,Regularizada,988.0,1535.0,-547.0,-35.64
-3.4160584904470372,-64.63525070543452,Barreira da Missão,Regularizada,1038.0,616.0,422.0,68.51
2.1554685895832644,-63.50055175922059,Yanomami,Regularizada,27152.0,25719.0,1433.0,5.57
-5.569522158376974,-63.13711550726231,Apurinã do Igarapé São João,Regularizada,190.0,224.0,-34.0,-15.18
0.4190739893343079,-66.62917634459474,Balaio,Regularizada,242.0,70.0,172.0,245.71
-3.2224201411061535,-64.87502998315564,Igarapé Grande,Regularizada,71.0,26.0,45.0,173.08
-7.927318406394179,-68.20389045984852,Inauini/Teuini,Regularizada,148.0,246.0,-98.0,-39.84
-6.777411513965558,-62.16854260940047,Ipixuna,Regularizada,142.0,64.0,78.0,121.88
-7.356524437620084,-63.97375912443784,Juma,Regularizada,,0.0,,
-6.887841870173246,-69.07493382613748,Kanamari do Rio Juruá,Regularizada,1093.0,806.0,287.0,35.61
-3.220058044587413,-64.85388047011679,Meria,Regularizada,116.0,55.0,61.0,110.91
-7.43367611441832,-62.572377468794826,Nove de Janeiro,Regularizada,257.0,338.0,-81.0,-23.96
-14.46837214981673,-59.156163439843006,Juininha,Regularizada,102.0,70.0,32.0,45.71
-14.264203408855993,-59.85774266541044,Pequizal,Regularizada,,0.0,,
-1.1570622662981112,-69.26583767524954,Rio Apaporis,Regularizada,502.0,350.0,152.0,43.43
-4.826096863856151,-67.72538467862172,Rio Biá,Regularizada,823.0,506.0,317.0,62.65
-4.469080089121631,-69.82820472945326,Tukuna Porto Espiritual,Regularizada,117.0,285.0,-168.0,-58.95
-4.266026743351482,-69.89022399563264,Tukuna Umariaçu,Regularizada,7805.0,5368.0,2437.0,45.4
-3.5603653139035263,-68.39066506045607,Vui-Uata-In,Regularizada,3025.0,1033.0,1992.0,192.84
-1.3194190912452564,-66.73941714469308,Uneiuxi,Regularizada,194.0,249.0,-55.0,-22.09
-8.272561350375481,-70.69730004333907,Igarapé do Caucho,Regularizada,850.0,386.0,464.0,120.21
-9.534900319807306,-72.13472429570484,Kaxinawá do Rio Jordão,Regularizada,2220.0,1471.0,749.0,50.92
-9.456491535574754,-71.40514718421346,Kulina do Rio Envira,Regularizada,294.0,166.0,128.0,77.11
-10.668559735394387,-70.26901653972172,Mamoadate,Regularizada,1330.0,763.0,567.0,74.31
-7.7962365214879314,-72.18607293354609,Campinas/Katukina,Regularizada,682.0,613.0,69.0,11.26
-8.077027426803935,-70.40906097564407,Katukina/Kaxinawá,Regularizada,1679.0,1259.0,420.0,33.36
-9.124625302981755,-70.70976180054677,Kaxinawá Nova Olinda,Regularizada,468.0,406.0,62.0,15.27
-9.248288158648617,-71.50753198812826,Kaxinawá do Rio Humaitá,Regularizada,476.0,331.0,145.0,43.81
-8.428214384164788,-71.72169887819832,Rio Gregório,Regularizada,616.0,511.0,105.0,20.55
-7.3727702983363645,-73.46320665767131,Nukini,Regularizada,574.0,420.0,154.0,36.67
-9.295501309803488,-70.08642162753242,Alto Rio Purus,Regularizada,3129.0,2449.0,680.0,27.77
-8.430407242392294,-72.3794643306913,Arara do Igarapé Humaitá,Regularizada,654.0,493.0,161.0,32.66
-10.869390240637262,-69.96979133829649,Cabeceira do Rio Acre,Regularizada,377.0,245.0,132.0,53.88
-9.302461425782296,-72.97179113959227,Kampa do Rio Amônia,Regularizada,867.0,414.0,453.0,109.42
-9.810958648374617,-71.77128466607938,Kampa e Isolados do Rio Envira,Regularizada,240.0,71.0,169.0,238.03
-8.101840760742471,-70.78431810790403,Kaxinawá Colônia Vinte e Sete,Regularizada,91.0,114.0,-23.0,-20.18
-9.522343591432167,-72.3106095094329,Kaxinawá Ashaninka do Rio Breu,Regularizada,712.0,503.0,209.0,41.55
-9.271473753873503,-70.97502267715005,Kulina Igarapé do Pau,Regularizada,124.0,270.0,-146.0,-54.07
-7.547588306595927,-73.088448975282,Poyanawa,Regularizada,735.0,555.0,180.0,32.43
-9.602884190332365,-71.9084068458447,Alto Tarauacá,Regularizada,,0.0,,
-26.807210569008404,-49.699976456170226,Ibirama,Regularizada,868.0,1776.0,-908.0,-51.13
-26.531923179619156,-52.069787218669845,Palmas,Regularizada,764.0,765.0,-1.0,-0.13
-27.160355986884344,-52.52678110048379,Toldo Chimbangue,Regularizada,214.0,224.0,-10.0,-4.46
-26.741742289802136,-52.510640318041496,Xapecó,Regularizada,5079.0,4549.0,530.0,11.65
2.600968931766145,-60.473468042149214,Malacacheta,Regularizada,1156.0,774.0,382.0,49.35
3.918521949554897,-60.8128336124696,São Marcos - RR,Regularizada,10328.0,4945.0,5383.0,108.86
2.686494589042539,-60.571768039473696,Tabalascada,Regularizada,961.0,546.0,415.0,76.01
4.334023885155785,-60.26809451937537,Raposa Serra do Sol,Regularizada,26176.0,17102.0,9074.0,53.06
0.6140673589449881,-54.51482120510082,Rio Paru D'Este,Regularizada,385.0,244.0,141.0,57.79
-3.476616537129424,-51.80585407808252,Paquiçamba,Regularizada,222.0,64.0,158.0,246.88
-7.71022306433791,-51.92094179915081,Kayapó,Regularizada,5455.0,4058.0,1397.0,34.43
-3.7535647087733834,-53.04971221697201,Arara,Regularizada,388.0,526.0,-138.0,-26.24
-7.357059704965202,-54.481051663794815,Baú,Regularizada,672.0,501.0,171.0,34.13
-4.6634609989239575,-51.489333904470826,Trincheira Bacaja,Regularizada,1014.0,1229.0,-215.0,-17.49
-4.277222191013667,-52.27769493264036,Koatinemo,Regularizada,280.0,139.0,141.0,101.44
-4.958217501872849,-52.44905654355056,Araweté Igarapé Ipixuna,Regularizada,539.0,393.0,146.0,37.15
-6.466722195882155,-58.000547290884384,Sai-Cinza,Regularizada,1653.0,899.0,754.0,83.87
-22.27326098084303,-49.355150400647304,Araribá,Regularizada,641.0,534.0,107.0,20.04
-7.448705047249757,-57.56362285866605,Munduruku,Regularizada,9257.0,4498.0,4759.0,105.8
-3.5784569276963203,-49.71044559064648,Trocará,Regularizada,677.0,437.0,240.0,54.92
-2.685694232833013,-48.274515680042725,Tembé,Regularizada,204.0,148.0,56.0,37.84
-8.8803148156054,-49.77019385645146,Karajá Santana do Araguaia,Regularizada,20.0,32.0,-12.0,-37.5
-2.3317550130354303,-46.72207722996322,Alto Rio Guamá,Regularizada,1926.0,3748.0,-1822.0,-48.61
-5.119119118436348,-48.91853397340402,Mãe Maria,Regularizada,1110.0,896.0,214.0,23.88
-5.936776434336016,-48.692717214791145,Sororó,Regularizada,575.0,338.0,237.0,70.12
-6.357282047449939,-50.81480169430863,Xikrin do Rio Catete,Regularizada,1727.0,1059.0,668.0,63.08
-0.8213973474368279,-58.110753916899434,Nhamundá/Mapuera,Regularizada,2004.0,1961.0,43.0,2.19
-2.858364664846077,-49.30275914681337,Anambé,Regularizada,179.0,129.0,50.0,38.76
